--
-- PostgreSQL database dump
--

\restrict X7gbuhKce1KIZ9Yf1qzzbFtLIHlYk8PBBDFDCXLoLBc0YhxlY7UQrAaKCkA2qOo

-- Dumped from database version 18.3
-- Dumped by pg_dump version 18.2

-- Started on 2026-04-06 14:38:41

SET statement_timeout = 0;
SET lock_timeout = 0;
SET idle_in_transaction_session_timeout = 0;
SET transaction_timeout = 0;
SET client_encoding = 'UTF8';
SET standard_conforming_strings = on;
SELECT pg_catalog.set_config('search_path', '', false);
SET check_function_bodies = false;
SET xmloption = content;
SET client_min_messages = warning;
SET row_security = off;

SET default_tablespace = '';

SET default_table_access_method = heap;

--
-- TOC entry 243 (class 1259 OID 16569)
-- Name: OrderItems; Type: TABLE; Schema: public; Owner: postgres
--

CREATE TABLE public."OrderItems" (
    "Id" integer NOT NULL,
    "OrderId" integer NOT NULL,
    "ProductId" integer NOT NULL,
    "Count" integer NOT NULL
);


ALTER TABLE public."OrderItems" OWNER TO postgres;

--
-- TOC entry 242 (class 1259 OID 16568)
-- Name: OrderItems_Id_seq; Type: SEQUENCE; Schema: public; Owner: postgres
--

ALTER TABLE public."OrderItems" ALTER COLUMN "Id" ADD GENERATED BY DEFAULT AS IDENTITY (
    SEQUENCE NAME public."OrderItems_Id_seq"
    START WITH 1
    INCREMENT BY 1
    NO MINVALUE
    NO MAXVALUE
    CACHE 1
);


--
-- TOC entry 221 (class 1259 OID 16397)
-- Name: OrderStatuses; Type: TABLE; Schema: public; Owner: postgres
--

CREATE TABLE public."OrderStatuses" (
    "Id" integer NOT NULL,
    "Name" text NOT NULL
);


ALTER TABLE public."OrderStatuses" OWNER TO postgres;

--
-- TOC entry 220 (class 1259 OID 16396)
-- Name: OrderStatuses_Id_seq; Type: SEQUENCE; Schema: public; Owner: postgres
--

ALTER TABLE public."OrderStatuses" ALTER COLUMN "Id" ADD GENERATED BY DEFAULT AS IDENTITY (
    SEQUENCE NAME public."OrderStatuses_Id_seq"
    START WITH 1
    INCREMENT BY 1
    NO MINVALUE
    NO MAXVALUE
    CACHE 1
);


--
-- TOC entry 241 (class 1259 OID 16541)
-- Name: Orders; Type: TABLE; Schema: public; Owner: postgres
--

CREATE TABLE public."Orders" (
    "Id" integer NOT NULL,
    "OrderDate" date NOT NULL,
    "DeliveryDate" date NOT NULL,
    "PickupPointId" integer NOT NULL,
    "UserId" integer NOT NULL,
    "Code" integer NOT NULL,
    "StatusId" integer NOT NULL
);


ALTER TABLE public."Orders" OWNER TO postgres;

--
-- TOC entry 240 (class 1259 OID 16540)
-- Name: Orders_Id_seq; Type: SEQUENCE; Schema: public; Owner: postgres
--

ALTER TABLE public."Orders" ALTER COLUMN "Id" ADD GENERATED BY DEFAULT AS IDENTITY (
    SEQUENCE NAME public."Orders_Id_seq"
    START WITH 1
    INCREMENT BY 1
    NO MINVALUE
    NO MAXVALUE
    CACHE 1
);


--
-- TOC entry 223 (class 1259 OID 16407)
-- Name: PickupPoints; Type: TABLE; Schema: public; Owner: postgres
--

CREATE TABLE public."PickupPoints" (
    "Id" integer NOT NULL,
    "Index" text NOT NULL,
    "City" text NOT NULL,
    "Address" text NOT NULL
);


ALTER TABLE public."PickupPoints" OWNER TO postgres;

--
-- TOC entry 222 (class 1259 OID 16406)
-- Name: PickupPoints_Id_seq; Type: SEQUENCE; Schema: public; Owner: postgres
--

ALTER TABLE public."PickupPoints" ALTER COLUMN "Id" ADD GENERATED BY DEFAULT AS IDENTITY (
    SEQUENCE NAME public."PickupPoints_Id_seq"
    START WITH 1
    INCREMENT BY 1
    NO MINVALUE
    NO MAXVALUE
    CACHE 1
);


--
-- TOC entry 225 (class 1259 OID 16419)
-- Name: ProductCategories; Type: TABLE; Schema: public; Owner: postgres
--

CREATE TABLE public."ProductCategories" (
    "Id" integer NOT NULL,
    "Name" text NOT NULL
);


ALTER TABLE public."ProductCategories" OWNER TO postgres;

--
-- TOC entry 224 (class 1259 OID 16418)
-- Name: ProductCategories_Id_seq; Type: SEQUENCE; Schema: public; Owner: postgres
--

ALTER TABLE public."ProductCategories" ALTER COLUMN "Id" ADD GENERATED BY DEFAULT AS IDENTITY (
    SEQUENCE NAME public."ProductCategories_Id_seq"
    START WITH 1
    INCREMENT BY 1
    NO MINVALUE
    NO MAXVALUE
    CACHE 1
);


--
-- TOC entry 227 (class 1259 OID 16429)
-- Name: ProductManufacturers; Type: TABLE; Schema: public; Owner: postgres
--

CREATE TABLE public."ProductManufacturers" (
    "Id" integer NOT NULL,
    "Name" text NOT NULL
);


ALTER TABLE public."ProductManufacturers" OWNER TO postgres;

--
-- TOC entry 226 (class 1259 OID 16428)
-- Name: ProductManufacturers_Id_seq; Type: SEQUENCE; Schema: public; Owner: postgres
--

ALTER TABLE public."ProductManufacturers" ALTER COLUMN "Id" ADD GENERATED BY DEFAULT AS IDENTITY (
    SEQUENCE NAME public."ProductManufacturers_Id_seq"
    START WITH 1
    INCREMENT BY 1
    NO MINVALUE
    NO MAXVALUE
    CACHE 1
);


--
-- TOC entry 229 (class 1259 OID 16439)
-- Name: ProductMeasures; Type: TABLE; Schema: public; Owner: postgres
--

CREATE TABLE public."ProductMeasures" (
    "Id" integer NOT NULL,
    "Name" text NOT NULL
);


ALTER TABLE public."ProductMeasures" OWNER TO postgres;

--
-- TOC entry 228 (class 1259 OID 16438)
-- Name: ProductMeasures_Id_seq; Type: SEQUENCE; Schema: public; Owner: postgres
--

ALTER TABLE public."ProductMeasures" ALTER COLUMN "Id" ADD GENERATED BY DEFAULT AS IDENTITY (
    SEQUENCE NAME public."ProductMeasures_Id_seq"
    START WITH 1
    INCREMENT BY 1
    NO MINVALUE
    NO MAXVALUE
    CACHE 1
);


--
-- TOC entry 231 (class 1259 OID 16449)
-- Name: ProductNames; Type: TABLE; Schema: public; Owner: postgres
--

CREATE TABLE public."ProductNames" (
    "Id" integer NOT NULL,
    "Name" text NOT NULL
);


ALTER TABLE public."ProductNames" OWNER TO postgres;

--
-- TOC entry 230 (class 1259 OID 16448)
-- Name: ProductNames_Id_seq; Type: SEQUENCE; Schema: public; Owner: postgres
--

ALTER TABLE public."ProductNames" ALTER COLUMN "Id" ADD GENERATED BY DEFAULT AS IDENTITY (
    SEQUENCE NAME public."ProductNames_Id_seq"
    START WITH 1
    INCREMENT BY 1
    NO MINVALUE
    NO MAXVALUE
    CACHE 1
);


--
-- TOC entry 233 (class 1259 OID 16459)
-- Name: ProductSuppliers; Type: TABLE; Schema: public; Owner: postgres
--

CREATE TABLE public."ProductSuppliers" (
    "Id" integer NOT NULL,
    "Name" text NOT NULL
);


ALTER TABLE public."ProductSuppliers" OWNER TO postgres;

--
-- TOC entry 232 (class 1259 OID 16458)
-- Name: ProductSuppliers_Id_seq; Type: SEQUENCE; Schema: public; Owner: postgres
--

ALTER TABLE public."ProductSuppliers" ALTER COLUMN "Id" ADD GENERATED BY DEFAULT AS IDENTITY (
    SEQUENCE NAME public."ProductSuppliers_Id_seq"
    START WITH 1
    INCREMENT BY 1
    NO MINVALUE
    NO MAXVALUE
    CACHE 1
);


--
-- TOC entry 237 (class 1259 OID 16479)
-- Name: Products; Type: TABLE; Schema: public; Owner: postgres
--

CREATE TABLE public."Products" (
    "Id" integer NOT NULL,
    "Article" text NOT NULL,
    "ProductNameId" integer NOT NULL,
    "ProductMeasureId" integer NOT NULL,
    "Price" numeric NOT NULL,
    "ProductSupplierId" integer NOT NULL,
    "ProductManufacturerId" integer NOT NULL,
    "ProductCategoryId" integer NOT NULL,
    "Discount" integer NOT NULL,
    "Count" integer NOT NULL,
    "Description" text NOT NULL,
    "PhotoName" text
);


ALTER TABLE public."Products" OWNER TO postgres;

--
-- TOC entry 236 (class 1259 OID 16478)
-- Name: Products_Id_seq; Type: SEQUENCE; Schema: public; Owner: postgres
--

ALTER TABLE public."Products" ALTER COLUMN "Id" ADD GENERATED BY DEFAULT AS IDENTITY (
    SEQUENCE NAME public."Products_Id_seq"
    START WITH 1
    INCREMENT BY 1
    NO MINVALUE
    NO MAXVALUE
    CACHE 1
);


--
-- TOC entry 235 (class 1259 OID 16469)
-- Name: Roles; Type: TABLE; Schema: public; Owner: postgres
--

CREATE TABLE public."Roles" (
    "Id" integer NOT NULL,
    "Name" text NOT NULL
);


ALTER TABLE public."Roles" OWNER TO postgres;

--
-- TOC entry 234 (class 1259 OID 16468)
-- Name: Roles_Id_seq; Type: SEQUENCE; Schema: public; Owner: postgres
--

ALTER TABLE public."Roles" ALTER COLUMN "Id" ADD GENERATED BY DEFAULT AS IDENTITY (
    SEQUENCE NAME public."Roles_Id_seq"
    START WITH 1
    INCREMENT BY 1
    NO MINVALUE
    NO MAXVALUE
    CACHE 1
);


--
-- TOC entry 239 (class 1259 OID 16523)
-- Name: Users; Type: TABLE; Schema: public; Owner: postgres
--

CREATE TABLE public."Users" (
    "Id" integer NOT NULL,
    "Name" text NOT NULL,
    "Login" text NOT NULL,
    "Password" text NOT NULL,
    "RoleId" integer NOT NULL
);


ALTER TABLE public."Users" OWNER TO postgres;

--
-- TOC entry 238 (class 1259 OID 16522)
-- Name: Users_Id_seq; Type: SEQUENCE; Schema: public; Owner: postgres
--

ALTER TABLE public."Users" ALTER COLUMN "Id" ADD GENERATED BY DEFAULT AS IDENTITY (
    SEQUENCE NAME public."Users_Id_seq"
    START WITH 1
    INCREMENT BY 1
    NO MINVALUE
    NO MAXVALUE
    CACHE 1
);


--
-- TOC entry 219 (class 1259 OID 16389)
-- Name: __EFMigrationsHistory; Type: TABLE; Schema: public; Owner: postgres
--

CREATE TABLE public."__EFMigrationsHistory" (
    "MigrationId" character varying(150) NOT NULL,
    "ProductVersion" character varying(32) NOT NULL
);


ALTER TABLE public."__EFMigrationsHistory" OWNER TO postgres;

--
-- TOC entry 5134 (class 0 OID 16569)
-- Dependencies: 243
-- Data for Name: OrderItems; Type: TABLE DATA; Schema: public; Owner: postgres
--

COPY public."OrderItems" ("Id", "OrderId", "ProductId", "Count") FROM stdin;
21	1	1	2
22	2	3	1
23	3	5	10
24	4	7	5
25	5	1	2
26	6	3	1
27	7	5	10
28	8	7	5
29	9	9	5
30	10	11	5
31	1	2	2
32	2	4	1
33	3	6	10
34	4	8	4
35	5	2	2
36	6	4	1
37	7	6	10
38	8	8	4
39	9	10	1
40	10	12	5
\.


--
-- TOC entry 5112 (class 0 OID 16397)
-- Dependencies: 221
-- Data for Name: OrderStatuses; Type: TABLE DATA; Schema: public; Owner: postgres
--

COPY public."OrderStatuses" ("Id", "Name") FROM stdin;
1	﻿Завершен
2	Новый 
\.


--
-- TOC entry 5132 (class 0 OID 16541)
-- Dependencies: 241
-- Data for Name: Orders; Type: TABLE DATA; Schema: public; Owner: postgres
--

COPY public."Orders" ("Id", "OrderDate", "DeliveryDate", "PickupPointId", "UserId", "Code", "StatusId") FROM stdin;
1	2025-02-27	2025-04-20	1	4	901	1
2	2022-09-28	2025-04-21	11	1	902	1
3	2025-03-21	2025-04-22	2	2	903	1
4	2025-02-20	2025-04-23	11	3	904	1
5	2025-03-17	2025-04-24	2	4	905	1
6	2025-03-01	2025-04-25	15	1	906	1
7	2025-02-28	2025-04-26	3	2	907	1
8	2025-03-31	2025-04-27	19	3	908	2
9	2025-04-02	2025-04-28	5	4	909	2
10	2025-04-03	2025-04-29	19	4	910	2
\.


--
-- TOC entry 5114 (class 0 OID 16407)
-- Dependencies: 223
-- Data for Name: PickupPoints; Type: TABLE DATA; Schema: public; Owner: postgres
--

COPY public."PickupPoints" ("Id", "Index", "City", "Address") FROM stdin;
1	﻿420151	г. Лесной	ул. Вишневая, 32
2	125061	г. Лесной	ул. Подгорная, 8
3	630370	г. Лесной	ул. Шоссейная, 24
4	400562	г. Лесной	ул. Зеленая, 32
5	614510	г. Лесной	ул. Маяковского, 47
6	410542	г. Лесной	ул. Светлая, 46
7	620839	г. Лесной	ул. Цветочная, 8
8	443890	г. Лесной	ул. Коммунистическая, 1
9	603379	г. Лесной	ул. Спортивная, 46
10	603721	г. Лесной	ул. Гоголя, 41
11	410172	г. Лесной	ул. Северная, 13
12	614611	г. Лесной	ул. Молодежная, 50
13	454311	г.Лесной,	ул. Новая, 19
14	660007	г.Лесной,	ул. Октябрьская, 19
15	603036	г. Лесной	ул. Садовая, 4
16	394060	г.Лесной,	ул. Фрунзе, 43
17	410661	г. Лесной	ул. Школьная, 50
18	625590	г. Лесной	ул. Коммунистическая, 20
19	625683	г. Лесной	ул. 8 Марта
20	450983	г.Лесной,	ул. Комсомольская, 26
21	394782	г. Лесной	ул. Чехова, 3
22	603002	г. Лесной	ул. Дзержинского, 28
23	450558	г. Лесной	ул. Набережная, 30
24	344288	г. Лесной	ул. Чехова, 1
25	614164	г.Лесной,	ул. Степная, 30
26	394242	г. Лесной	ул. Коммунистическая, 43
27	660540	г. Лесной	ул. Солнечная, 25
28	125837	г. Лесной	ул. Шоссейная, 40
29	125703	г. Лесной	ул. Партизанская, 49
30	625283	г. Лесной	ул. Победы, 46
31	614753	г. Лесной	ул. Полевая, 35
32	426030	г. Лесной	ул. Маяковского, 44
33	450375	г. Лесной	ул. Клубная, 44
34	625560	г. Лесной	ул. Некрасова, 12
35	630201	г. Лесной	ул. Комсомольская, 17
36	190949	г. Лесной	ул. Мичурина, 26
\.


--
-- TOC entry 5116 (class 0 OID 16419)
-- Dependencies: 225
-- Data for Name: ProductCategories; Type: TABLE DATA; Schema: public; Owner: postgres
--

COPY public."ProductCategories" ("Id", "Name") FROM stdin;
1	﻿Женская обувь
2	Мужская обувь
\.


--
-- TOC entry 5118 (class 0 OID 16429)
-- Dependencies: 227
-- Data for Name: ProductManufacturers; Type: TABLE DATA; Schema: public; Owner: postgres
--

COPY public."ProductManufacturers" ("Id", "Name") FROM stdin;
1	﻿Kari
2	Marco Tozzi
3	Рос
4	Rieker
5	Alessio Nesca
6	CROSBY
\.


--
-- TOC entry 5120 (class 0 OID 16439)
-- Dependencies: 229
-- Data for Name: ProductMeasures; Type: TABLE DATA; Schema: public; Owner: postgres
--

COPY public."ProductMeasures" ("Id", "Name") FROM stdin;
1	﻿шт.
\.


--
-- TOC entry 5122 (class 0 OID 16449)
-- Dependencies: 231
-- Data for Name: ProductNames; Type: TABLE DATA; Schema: public; Owner: postgres
--

COPY public."ProductNames" ("Id", "Name") FROM stdin;
1	﻿Ботинки
2	Туфли
3	Кроссовки
4	Полуботинки
5	Кеды
6	Тапочки
7	Сапоги
\.


--
-- TOC entry 5124 (class 0 OID 16459)
-- Dependencies: 233
-- Data for Name: ProductSuppliers; Type: TABLE DATA; Schema: public; Owner: postgres
--

COPY public."ProductSuppliers" ("Id", "Name") FROM stdin;
1	﻿Kari
2	Обувь для вас
\.


--
-- TOC entry 5128 (class 0 OID 16479)
-- Dependencies: 237
-- Data for Name: Products; Type: TABLE DATA; Schema: public; Owner: postgres
--

COPY public."Products" ("Id", "Article", "ProductNameId", "ProductMeasureId", "Price", "ProductSupplierId", "ProductManufacturerId", "ProductCategoryId", "Discount", "Count", "Description", "PhotoName") FROM stdin;
1	А112Т4	1	1	4990	1	1	1	3	6	Женские Ботинки демисезонные kari	1.jpg
2	F635R4	1	1	3244	2	2	1	2	13	Ботинки Marco Tozzi женские демисезонные, размер 39, цвет бежевый	2.jpg
3	H782T5	2	1	4499	1	1	2	4	5	Туфли kari мужские классика MYZ21AW-450A, размер 43, цвет: черный	3.jpg
4	G783F5	1	1	5900	1	3	2	2	8	Мужские ботинки Рос-Обувь кожаные с натуральным мехом	4.jpg
5	J384T6	1	1	3800	2	4	2	2	16	B3430/14 Полуботинки мужские Rieker	5.jpg
6	D572U8	3	1	4100	2	3	2	3	6	129615-4 Кроссовки мужские	6.jpg
7	F572H7	2	1	2700	1	2	1	2	14	Туфли Marco Tozzi женские летние, размер 39, цвет черный	7.jpg
8	D329H3	4	1	1890	2	5	1	4	4	Полуботинки Alessio Nesca женские 3-30797-47, размер 37, цвет: бордовый	8.jpg
9	B320R5	2	1	4300	1	4	1	2	6	Туфли Rieker женские демисезонные, размер 41, цвет коричневый	9.jpg
10	G432E4	2	1	2800	1	1	1	3	15	Туфли kari женские TR-YR-413017, размер 37, цвет: черный	10.jpg
11	S213E3	4	1	2156	2	6	2	3	6	407700/01-01 Полуботинки мужские CROSBY	\N
12	E482R4	4	1	1800	1	1	1	2	14	Полуботинки kari женские MYZ20S-149, размер 41, цвет: черный	\N
13	S634B5	5	1	5500	2	6	2	3	0	Кеды Caprice мужские демисезонные, размер 42, цвет черный	\N
14	K345R4	4	1	2100	2	6	2	2	3	407700/01-02 Полуботинки мужские CROSBY	\N
15	O754F4	2	1	5400	2	4	1	4	18	Туфли женские демисезонные Rieker артикул 55073-68/37	\N
16	G531F4	1	1	6600	1	1	1	12	9	Ботинки женские зимние ROMER арт. 893167-01 Черный	\N
17	J542F5	6	1	500	1	1	2	13	0	Тапочки мужские Арт.70701-55-67син р.41	\N
18	B431R5	1	1	2700	2	4	2	2	5	Мужские кожаные ботинки/мужские ботинки	\N
19	P764G4	2	1	6800	1	6	1	15	15	Туфли женские, ARGO, размер 38	\N
20	C436G5	1	1	10200	1	5	1	15	9	Ботинки женские, ARGO, размер 40	\N
21	F427R5	1	1	11800	2	4	1	15	11	Ботинки на молнии с декоративной пряжкой FRAU	\N
22	N457T5	4	1	4600	1	6	1	3	13	Полуботинки Ботинки черные зимние, мех	\N
26	M542T5	3	1	2800	2	4	2	18	3	Кроссовки мужские TOFA	\N
23	D364R4	2	1	12400	1	1	1	16	5	Туфли Luiza Belly женские Kate-lazo черные из натуральной замши	\N
24	S326R5	6	1	9900	2	6	2	17	15	Мужские кожаные тапочки Профиль С.Дали 	\N
25	L754R4	4	1	1700	1	1	1	2	7	Полуботинки kari женские WB2020SS-26, размер 38, цвет: черный	\N
27	D268G5	2	1	4399	2	4	1	3	12	Туфли Rieker женские демисезонные, размер 36, цвет коричневый	\N
28	T324F5	7	1	4699	1	6	1	2	5	Сапоги замша Цвет: синий	\N
29	K358H6	6	1	599	1	4	2	20	2	Тапочки мужские син р.41	\N
30	H535R5	1	1	2300	2	4	1	2	7	Женские Ботинки демисезонные	\N
\.


--
-- TOC entry 5126 (class 0 OID 16469)
-- Dependencies: 235
-- Data for Name: Roles; Type: TABLE DATA; Schema: public; Owner: postgres
--

COPY public."Roles" ("Id", "Name") FROM stdin;
1	﻿Администратор
2	Менеджер
3	Авторизированный клиент
\.


--
-- TOC entry 5130 (class 0 OID 16523)
-- Dependencies: 239
-- Data for Name: Users; Type: TABLE DATA; Schema: public; Owner: postgres
--

COPY public."Users" ("Id", "Name", "Login", "Password", "RoleId") FROM stdin;
1	Никифорова Весения Николаевна	94d5ous@gmail.com	uzWC67	1
2	Сазонов Руслан Германович	uth4iz@mail.com	2L6KZG	1
3	Одинцов Серафим Артёмович	yzls62@outlook.com	JlFRCZ	1
4	Степанов Михаил Артёмович	1diph5e@tutanota.com	8ntwUp	2
5	Ворсин Петр Евгеньевич	tjde7c@yahoo.com	YOyhfR	2
6	Старикова Елена Павловна	wpmrc3do@tutanota.com	RSbvHv	2
7	Михайлюк Анна Вячеславовна	5d4zbu@tutanota.com	rwVDh9	3
8	Ситдикова Елена Анатольевна	ptec8ym@yahoo.com	LdNyos	3
9	Ворсин Петр Евгеньевич	1qz4kw@mail.com	gynQMT	3
10	Старикова Елена Павловна	4np6se@mail.com	AtnDjr	3
\.


--
-- TOC entry 5110 (class 0 OID 16389)
-- Dependencies: 219
-- Data for Name: __EFMigrationsHistory; Type: TABLE DATA; Schema: public; Owner: postgres
--

COPY public."__EFMigrationsHistory" ("MigrationId", "ProductVersion") FROM stdin;
20260322105826_Initial	9.0.13
\.


--
-- TOC entry 5140 (class 0 OID 0)
-- Dependencies: 242
-- Name: OrderItems_Id_seq; Type: SEQUENCE SET; Schema: public; Owner: postgres
--

SELECT pg_catalog.setval('public."OrderItems_Id_seq"', 40, true);


--
-- TOC entry 5141 (class 0 OID 0)
-- Dependencies: 220
-- Name: OrderStatuses_Id_seq; Type: SEQUENCE SET; Schema: public; Owner: postgres
--

SELECT pg_catalog.setval('public."OrderStatuses_Id_seq"', 2, true);


--
-- TOC entry 5142 (class 0 OID 0)
-- Dependencies: 240
-- Name: Orders_Id_seq; Type: SEQUENCE SET; Schema: public; Owner: postgres
--

SELECT pg_catalog.setval('public."Orders_Id_seq"', 1, false);


--
-- TOC entry 5143 (class 0 OID 0)
-- Dependencies: 222
-- Name: PickupPoints_Id_seq; Type: SEQUENCE SET; Schema: public; Owner: postgres
--

SELECT pg_catalog.setval('public."PickupPoints_Id_seq"', 36, true);


--
-- TOC entry 5144 (class 0 OID 0)
-- Dependencies: 224
-- Name: ProductCategories_Id_seq; Type: SEQUENCE SET; Schema: public; Owner: postgres
--

SELECT pg_catalog.setval('public."ProductCategories_Id_seq"', 2, true);


--
-- TOC entry 5145 (class 0 OID 0)
-- Dependencies: 226
-- Name: ProductManufacturers_Id_seq; Type: SEQUENCE SET; Schema: public; Owner: postgres
--

SELECT pg_catalog.setval('public."ProductManufacturers_Id_seq"', 6, true);


--
-- TOC entry 5146 (class 0 OID 0)
-- Dependencies: 228
-- Name: ProductMeasures_Id_seq; Type: SEQUENCE SET; Schema: public; Owner: postgres
--

SELECT pg_catalog.setval('public."ProductMeasures_Id_seq"', 1, true);


--
-- TOC entry 5147 (class 0 OID 0)
-- Dependencies: 230
-- Name: ProductNames_Id_seq; Type: SEQUENCE SET; Schema: public; Owner: postgres
--

SELECT pg_catalog.setval('public."ProductNames_Id_seq"', 7, true);


--
-- TOC entry 5148 (class 0 OID 0)
-- Dependencies: 232
-- Name: ProductSuppliers_Id_seq; Type: SEQUENCE SET; Schema: public; Owner: postgres
--

SELECT pg_catalog.setval('public."ProductSuppliers_Id_seq"', 2, true);


--
-- TOC entry 5149 (class 0 OID 0)
-- Dependencies: 236
-- Name: Products_Id_seq; Type: SEQUENCE SET; Schema: public; Owner: postgres
--

SELECT pg_catalog.setval('public."Products_Id_seq"', 92, true);


--
-- TOC entry 5150 (class 0 OID 0)
-- Dependencies: 234
-- Name: Roles_Id_seq; Type: SEQUENCE SET; Schema: public; Owner: postgres
--

SELECT pg_catalog.setval('public."Roles_Id_seq"', 3, true);


--
-- TOC entry 5151 (class 0 OID 0)
-- Dependencies: 238
-- Name: Users_Id_seq; Type: SEQUENCE SET; Schema: public; Owner: postgres
--

SELECT pg_catalog.setval('public."Users_Id_seq"', 10, true);


--
-- TOC entry 4951 (class 2606 OID 16577)
-- Name: OrderItems PK_OrderItems; Type: CONSTRAINT; Schema: public; Owner: postgres
--

ALTER TABLE ONLY public."OrderItems"
    ADD CONSTRAINT "PK_OrderItems" PRIMARY KEY ("Id");


--
-- TOC entry 4918 (class 2606 OID 16405)
-- Name: OrderStatuses PK_OrderStatuses; Type: CONSTRAINT; Schema: public; Owner: postgres
--

ALTER TABLE ONLY public."OrderStatuses"
    ADD CONSTRAINT "PK_OrderStatuses" PRIMARY KEY ("Id");


--
-- TOC entry 4947 (class 2606 OID 16552)
-- Name: Orders PK_Orders; Type: CONSTRAINT; Schema: public; Owner: postgres
--

ALTER TABLE ONLY public."Orders"
    ADD CONSTRAINT "PK_Orders" PRIMARY KEY ("Id");


--
-- TOC entry 4920 (class 2606 OID 16417)
-- Name: PickupPoints PK_PickupPoints; Type: CONSTRAINT; Schema: public; Owner: postgres
--

ALTER TABLE ONLY public."PickupPoints"
    ADD CONSTRAINT "PK_PickupPoints" PRIMARY KEY ("Id");


--
-- TOC entry 4922 (class 2606 OID 16427)
-- Name: ProductCategories PK_ProductCategories; Type: CONSTRAINT; Schema: public; Owner: postgres
--

ALTER TABLE ONLY public."ProductCategories"
    ADD CONSTRAINT "PK_ProductCategories" PRIMARY KEY ("Id");


--
-- TOC entry 4924 (class 2606 OID 16437)
-- Name: ProductManufacturers PK_ProductManufacturers; Type: CONSTRAINT; Schema: public; Owner: postgres
--

ALTER TABLE ONLY public."ProductManufacturers"
    ADD CONSTRAINT "PK_ProductManufacturers" PRIMARY KEY ("Id");


--
-- TOC entry 4926 (class 2606 OID 16447)
-- Name: ProductMeasures PK_ProductMeasures; Type: CONSTRAINT; Schema: public; Owner: postgres
--

ALTER TABLE ONLY public."ProductMeasures"
    ADD CONSTRAINT "PK_ProductMeasures" PRIMARY KEY ("Id");


--
-- TOC entry 4928 (class 2606 OID 16457)
-- Name: ProductNames PK_ProductNames; Type: CONSTRAINT; Schema: public; Owner: postgres
--

ALTER TABLE ONLY public."ProductNames"
    ADD CONSTRAINT "PK_ProductNames" PRIMARY KEY ("Id");


--
-- TOC entry 4930 (class 2606 OID 16467)
-- Name: ProductSuppliers PK_ProductSuppliers; Type: CONSTRAINT; Schema: public; Owner: postgres
--

ALTER TABLE ONLY public."ProductSuppliers"
    ADD CONSTRAINT "PK_ProductSuppliers" PRIMARY KEY ("Id");


--
-- TOC entry 4939 (class 2606 OID 16496)
-- Name: Products PK_Products; Type: CONSTRAINT; Schema: public; Owner: postgres
--

ALTER TABLE ONLY public."Products"
    ADD CONSTRAINT "PK_Products" PRIMARY KEY ("Id");


--
-- TOC entry 4932 (class 2606 OID 16477)
-- Name: Roles PK_Roles; Type: CONSTRAINT; Schema: public; Owner: postgres
--

ALTER TABLE ONLY public."Roles"
    ADD CONSTRAINT "PK_Roles" PRIMARY KEY ("Id");


--
-- TOC entry 4942 (class 2606 OID 16534)
-- Name: Users PK_Users; Type: CONSTRAINT; Schema: public; Owner: postgres
--

ALTER TABLE ONLY public."Users"
    ADD CONSTRAINT "PK_Users" PRIMARY KEY ("Id");


--
-- TOC entry 4916 (class 2606 OID 16395)
-- Name: __EFMigrationsHistory PK___EFMigrationsHistory; Type: CONSTRAINT; Schema: public; Owner: postgres
--

ALTER TABLE ONLY public."__EFMigrationsHistory"
    ADD CONSTRAINT "PK___EFMigrationsHistory" PRIMARY KEY ("MigrationId");


--
-- TOC entry 4948 (class 1259 OID 16588)
-- Name: IX_OrderItems_OrderId; Type: INDEX; Schema: public; Owner: postgres
--

CREATE INDEX "IX_OrderItems_OrderId" ON public."OrderItems" USING btree ("OrderId");


--
-- TOC entry 4949 (class 1259 OID 16589)
-- Name: IX_OrderItems_ProductId; Type: INDEX; Schema: public; Owner: postgres
--

CREATE INDEX "IX_OrderItems_ProductId" ON public."OrderItems" USING btree ("ProductId");


--
-- TOC entry 4943 (class 1259 OID 16590)
-- Name: IX_Orders_PickupPointId; Type: INDEX; Schema: public; Owner: postgres
--

CREATE INDEX "IX_Orders_PickupPointId" ON public."Orders" USING btree ("PickupPointId");


--
-- TOC entry 4944 (class 1259 OID 16591)
-- Name: IX_Orders_StatusId; Type: INDEX; Schema: public; Owner: postgres
--

CREATE INDEX "IX_Orders_StatusId" ON public."Orders" USING btree ("StatusId");


--
-- TOC entry 4945 (class 1259 OID 16592)
-- Name: IX_Orders_UserId; Type: INDEX; Schema: public; Owner: postgres
--

CREATE INDEX "IX_Orders_UserId" ON public."Orders" USING btree ("UserId");


--
-- TOC entry 4933 (class 1259 OID 16593)
-- Name: IX_Products_ProductCategoryId; Type: INDEX; Schema: public; Owner: postgres
--

CREATE INDEX "IX_Products_ProductCategoryId" ON public."Products" USING btree ("ProductCategoryId");


--
-- TOC entry 4934 (class 1259 OID 16594)
-- Name: IX_Products_ProductManufacturerId; Type: INDEX; Schema: public; Owner: postgres
--

CREATE INDEX "IX_Products_ProductManufacturerId" ON public."Products" USING btree ("ProductManufacturerId");


--
-- TOC entry 4935 (class 1259 OID 16595)
-- Name: IX_Products_ProductMeasureId; Type: INDEX; Schema: public; Owner: postgres
--

CREATE INDEX "IX_Products_ProductMeasureId" ON public."Products" USING btree ("ProductMeasureId");


--
-- TOC entry 4936 (class 1259 OID 16596)
-- Name: IX_Products_ProductNameId; Type: INDEX; Schema: public; Owner: postgres
--

CREATE INDEX "IX_Products_ProductNameId" ON public."Products" USING btree ("ProductNameId");


--
-- TOC entry 4937 (class 1259 OID 16597)
-- Name: IX_Products_ProductSupplierId; Type: INDEX; Schema: public; Owner: postgres
--

CREATE INDEX "IX_Products_ProductSupplierId" ON public."Products" USING btree ("ProductSupplierId");


--
-- TOC entry 4940 (class 1259 OID 16598)
-- Name: IX_Users_RoleId; Type: INDEX; Schema: public; Owner: postgres
--

CREATE INDEX "IX_Users_RoleId" ON public."Users" USING btree ("RoleId");


--
-- TOC entry 4961 (class 2606 OID 16578)
-- Name: OrderItems FK_OrderItems_Orders_OrderId; Type: FK CONSTRAINT; Schema: public; Owner: postgres
--

ALTER TABLE ONLY public."OrderItems"
    ADD CONSTRAINT "FK_OrderItems_Orders_OrderId" FOREIGN KEY ("OrderId") REFERENCES public."Orders"("Id") ON DELETE CASCADE;


--
-- TOC entry 4962 (class 2606 OID 16583)
-- Name: OrderItems FK_OrderItems_Products_ProductId; Type: FK CONSTRAINT; Schema: public; Owner: postgres
--

ALTER TABLE ONLY public."OrderItems"
    ADD CONSTRAINT "FK_OrderItems_Products_ProductId" FOREIGN KEY ("ProductId") REFERENCES public."Products"("Id") ON DELETE CASCADE;


--
-- TOC entry 4958 (class 2606 OID 16553)
-- Name: Orders FK_Orders_OrderStatuses_StatusId; Type: FK CONSTRAINT; Schema: public; Owner: postgres
--

ALTER TABLE ONLY public."Orders"
    ADD CONSTRAINT "FK_Orders_OrderStatuses_StatusId" FOREIGN KEY ("StatusId") REFERENCES public."OrderStatuses"("Id") ON DELETE CASCADE;


--
-- TOC entry 4959 (class 2606 OID 16558)
-- Name: Orders FK_Orders_PickupPoints_PickupPointId; Type: FK CONSTRAINT; Schema: public; Owner: postgres
--

ALTER TABLE ONLY public."Orders"
    ADD CONSTRAINT "FK_Orders_PickupPoints_PickupPointId" FOREIGN KEY ("PickupPointId") REFERENCES public."PickupPoints"("Id") ON DELETE CASCADE;


--
-- TOC entry 4960 (class 2606 OID 16563)
-- Name: Orders FK_Orders_Users_UserId; Type: FK CONSTRAINT; Schema: public; Owner: postgres
--

ALTER TABLE ONLY public."Orders"
    ADD CONSTRAINT "FK_Orders_Users_UserId" FOREIGN KEY ("UserId") REFERENCES public."Users"("Id") ON DELETE CASCADE;


--
-- TOC entry 4952 (class 2606 OID 16497)
-- Name: Products FK_Products_ProductCategories_ProductCategoryId; Type: FK CONSTRAINT; Schema: public; Owner: postgres
--

ALTER TABLE ONLY public."Products"
    ADD CONSTRAINT "FK_Products_ProductCategories_ProductCategoryId" FOREIGN KEY ("ProductCategoryId") REFERENCES public."ProductCategories"("Id") ON DELETE CASCADE;


--
-- TOC entry 4953 (class 2606 OID 16502)
-- Name: Products FK_Products_ProductManufacturers_ProductManufacturerId; Type: FK CONSTRAINT; Schema: public; Owner: postgres
--

ALTER TABLE ONLY public."Products"
    ADD CONSTRAINT "FK_Products_ProductManufacturers_ProductManufacturerId" FOREIGN KEY ("ProductManufacturerId") REFERENCES public."ProductManufacturers"("Id") ON DELETE CASCADE;


--
-- TOC entry 4954 (class 2606 OID 16507)
-- Name: Products FK_Products_ProductMeasures_ProductMeasureId; Type: FK CONSTRAINT; Schema: public; Owner: postgres
--

ALTER TABLE ONLY public."Products"
    ADD CONSTRAINT "FK_Products_ProductMeasures_ProductMeasureId" FOREIGN KEY ("ProductMeasureId") REFERENCES public."ProductMeasures"("Id") ON DELETE CASCADE;


--
-- TOC entry 4955 (class 2606 OID 16512)
-- Name: Products FK_Products_ProductNames_ProductNameId; Type: FK CONSTRAINT; Schema: public; Owner: postgres
--

ALTER TABLE ONLY public."Products"
    ADD CONSTRAINT "FK_Products_ProductNames_ProductNameId" FOREIGN KEY ("ProductNameId") REFERENCES public."ProductNames"("Id") ON DELETE CASCADE;


--
-- TOC entry 4956 (class 2606 OID 16517)
-- Name: Products FK_Products_ProductSuppliers_ProductSupplierId; Type: FK CONSTRAINT; Schema: public; Owner: postgres
--

ALTER TABLE ONLY public."Products"
    ADD CONSTRAINT "FK_Products_ProductSuppliers_ProductSupplierId" FOREIGN KEY ("ProductSupplierId") REFERENCES public."ProductSuppliers"("Id") ON DELETE CASCADE;


--
-- TOC entry 4957 (class 2606 OID 16535)
-- Name: Users FK_Users_Roles_RoleId; Type: FK CONSTRAINT; Schema: public; Owner: postgres
--

ALTER TABLE ONLY public."Users"
    ADD CONSTRAINT "FK_Users_Roles_RoleId" FOREIGN KEY ("RoleId") REFERENCES public."Roles"("Id") ON DELETE CASCADE;


-- Completed on 2026-04-06 14:38:41

--
-- PostgreSQL database dump complete
--

\unrestrict X7gbuhKce1KIZ9Yf1qzzbFtLIHlYk8PBBDFDCXLoLBc0YhxlY7UQrAaKCkA2qOo

